               epoch,      train/box_loss,      train/obj_loss,      train/cls_loss,   metrics/precision,      metrics/recall,     metrics/mAP_0.5,metrics/mAP_0.5:0.95,        val/box_loss,        val/obj_loss,        val/cls_loss,               x/lr0,               x/lr1,               x/lr2
                   0,             0.11654,            0.017562,            0.061385,           0.0013924,             0.39742,           0.0016932,          0.00030085,             0.11065,           0.0090599,             0.06006,              0.0982,              0.0002,              0.0002
                   1,             0.11354,             0.01962,            0.060082,            0.001434,             0.42242,           0.0020949,          0.00047647,             0.10722,            0.009202,            0.059344,              0.0955,          0.00049951,          0.00049951
                   2,             0.11105,            0.018722,            0.059436,           0.0017145,             0.49861,           0.0039491,           0.0010224,             0.10137,           0.0095568,            0.058522,            0.092798,          0.00079842,          0.00079842
                   3,             0.10287,            0.022133,            0.057583,           0.0023308,             0.66409,           0.0083077,           0.0024434,             0.09414,            0.010023,            0.057603,            0.090097,           0.0010967,           0.0010967
                   4,              0.0921,            0.023381,            0.058958,           0.0028842,             0.76111,            0.014022,           0.0041886,            0.084782,            0.010596,            0.056471,            0.087394,           0.0013945,           0.0013945
                   5,            0.087767,            0.025018,            0.057792,           0.0035072,             0.87857,            0.036248,            0.013448,            0.074022,             0.01072,            0.055489,            0.084692,           0.0016916,           0.0016916
                   6,            0.076556,            0.026601,            0.057999,           0.0034645,             0.89286,            0.048536,            0.017298,            0.067868,            0.010554,            0.054602,            0.081988,           0.0019881,           0.0019881
                   7,            0.077568,            0.024197,            0.056994,            0.019229,             0.90179,             0.10637,             0.03456,            0.065579,            0.010284,            0.053726,            0.079284,           0.0022841,           0.0022841
                   8,            0.069105,             0.02756,            0.055389,              0.1348,             0.36526,             0.15626,            0.056628,            0.066714,            0.010076,            0.053032,            0.076579,           0.0025794,           0.0025794
                   9,            0.064074,            0.024696,            0.054374,             0.13949,             0.46409,             0.16761,            0.060264,             0.06866,            0.010972,            0.053192,            0.073874,           0.0028742,           0.0028742
                  10,            0.061998,            0.024611,            0.055617,            0.089548,             0.47937,             0.13007,            0.038794,            0.075966,            0.011762,            0.054079,            0.071168,           0.0031683,           0.0031683
                  11,            0.063818,            0.023646,             0.05367,             0.13845,             0.42321,             0.17851,            0.076548,            0.072615,            0.012906,            0.054239,            0.068462,           0.0034619,           0.0034619
                  12,            0.059641,            0.023793,            0.054219,             0.11459,             0.40714,             0.18571,            0.080638,             0.06822,            0.012887,            0.054025,            0.065755,           0.0037549,           0.0037549
                  13,            0.055916,            0.024784,            0.053538,             0.12349,             0.47143,             0.18885,            0.086424,            0.061816,             0.01205,            0.052615,            0.063047,           0.0040472,           0.0040472
                  14,            0.057033,            0.022782,            0.054995,            0.082233,             0.50989,             0.12824,            0.045248,            0.073799,            0.010727,            0.051996,            0.060339,            0.004339,            0.004339
                  15,             0.05956,            0.021034,            0.054449,             0.12259,             0.52112,             0.15656,             0.05301,            0.066149,           0.0091908,            0.051067,             0.05763,           0.0046302,           0.0046302
                  16,            0.052938,            0.021487,            0.053075,            0.092101,             0.52381,             0.15756,            0.060984,             0.06295,           0.0084169,            0.050618,            0.054921,           0.0049208,           0.0049208
                  17,            0.052996,            0.021768,            0.051993,             0.12941,             0.55159,             0.17528,            0.059741,            0.060056,           0.0078788,            0.050383,            0.052211,           0.0052108,           0.0052108
                  18,            0.052576,            0.021145,            0.052284,             0.10798,              0.5748,             0.17024,            0.078205,            0.061872,           0.0070877,            0.050127,              0.0495,           0.0055002,           0.0055002
                  19,            0.047722,            0.021315,            0.051337,             0.10853,             0.71488,             0.16231,            0.065432,            0.063459,           0.0068963,            0.049657,            0.046789,            0.005789,            0.005789
                  20,            0.049123,            0.019916,            0.051659,             0.12431,             0.74563,             0.18655,            0.086958,            0.055345,           0.0061898,            0.049048,            0.044077,           0.0060772,           0.0060772
                  21,            0.049509,            0.018918,            0.053546,             0.11228,             0.72302,             0.17055,            0.087702,            0.062699,            0.005784,            0.048877,            0.041365,           0.0063649,           0.0063649
                  22,            0.049202,            0.017464,            0.052736,             0.11587,             0.75738,              0.1783,            0.065954,             0.06494,           0.0058646,            0.048354,            0.038652,           0.0066519,           0.0066519
                  23,            0.044961,            0.018733,            0.052872,             0.13279,             0.60714,              0.1844,            0.092953,            0.055059,           0.0055399,            0.048225,            0.035938,           0.0069383,           0.0069383
                  24,            0.046056,            0.018379,            0.053885,             0.13925,             0.54325,             0.19287,            0.099117,            0.054114,           0.0053542,            0.048257,            0.033224,           0.0072242,           0.0072242
                  25,             0.04773,            0.018904,             0.05217,             0.12726,             0.42925,             0.19684,             0.11343,            0.054678,           0.0052006,            0.048524,            0.030509,           0.0075094,           0.0075094
                  26,            0.048064,            0.019758,            0.053476,             0.12193,              0.4881,             0.19608,            0.093265,            0.058035,            0.005188,            0.048407,            0.027794,           0.0077941,           0.0077941
                  27,            0.042539,            0.018475,            0.051918,             0.14068,             0.46905,             0.18938,            0.095037,            0.056754,           0.0052898,            0.048119,            0.025078,           0.0080781,           0.0080781
                  28,            0.043096,            0.016045,            0.051451,             0.13416,             0.52008,             0.19925,            0.097023,            0.060044,           0.0052638,            0.047488,            0.022362,           0.0083616,           0.0083616
                  29,            0.045889,            0.018333,            0.051408,             0.11012,             0.58115,             0.17789,            0.069888,            0.062894,           0.0053315,            0.047211,            0.019644,           0.0086445,           0.0086445
                  30,            0.043456,            0.016527,            0.051954,             0.17686,             0.54206,             0.25254,             0.15537,            0.052626,           0.0052795,            0.047136,            0.016927,           0.0089268,           0.0089268
                  31,            0.045417,            0.016608,            0.051598,             0.16783,             0.53288,             0.24179,            0.082752,            0.060298,           0.0051367,            0.047392,            0.014208,           0.0092084,           0.0092084
                  32,            0.042717,            0.015703,            0.049392,             0.15534,             0.56726,             0.21416,             0.10901,            0.054927,           0.0050516,            0.047243,             0.01149,           0.0094895,           0.0094895
                  33,            0.043759,            0.018718,             0.05176,             0.10977,             0.66865,             0.20783,            0.080029,            0.061456,           0.0054734,            0.048781,           0.0096733,           0.0096733,           0.0096733
                  34,            0.041381,            0.014537,            0.053688,             0.13129,             0.66598,             0.19227,            0.088895,            0.060077,           0.0050094,            0.049176,           0.0096733,           0.0096733,           0.0096733
                  35,            0.041372,            0.013848,            0.050343,             0.11938,              0.5371,               0.186,             0.09209,            0.056622,           0.0055594,            0.048396,           0.0096634,           0.0096634,           0.0096634
                  36,            0.041068,             0.01574,            0.050068,             0.13487,             0.56647,             0.21004,             0.12524,            0.050312,           0.0056086,            0.046645,           0.0096535,           0.0096535,           0.0096535
                  37,            0.043073,            0.016626,            0.049356,             0.16246,             0.56633,             0.27194,             0.15504,            0.054919,           0.0049498,            0.044797,           0.0096436,           0.0096436,           0.0096436
                  38,            0.039392,            0.016452,            0.050626,             0.19409,             0.55778,             0.27694,             0.15633,            0.047579,           0.0052137,            0.044839,           0.0096337,           0.0096337,           0.0096337
                  39,            0.038702,            0.014264,            0.048009,             0.20373,             0.55041,             0.27733,             0.14822,            0.050894,           0.0051336,            0.043504,           0.0096238,           0.0096238,           0.0096238
                  40,            0.037793,            0.015879,            0.048774,             0.19445,             0.55754,              0.2882,             0.16286,            0.047229,           0.0050762,            0.043584,           0.0096139,           0.0096139,           0.0096139
                  41,             0.03819,            0.015229,            0.047978,             0.35774,             0.39257,             0.27951,             0.13198,             0.04973,            0.005322,            0.044273,            0.009604,            0.009604,            0.009604
                  42,            0.035621,            0.015954,            0.050242,              0.2207,             0.37619,             0.29305,             0.17675,            0.047723,           0.0052128,            0.044402,           0.0095941,           0.0095941,           0.0095941
                  43,              0.0339,            0.015273,            0.047208,             0.26301,             0.39504,              0.3068,              0.2071,            0.045737,           0.0051594,            0.043531,           0.0095842,           0.0095842,           0.0095842
                  44,            0.035543,             0.01694,            0.047072,             0.20042,             0.47044,             0.28959,             0.19504,            0.045975,           0.0053267,             0.04595,           0.0095743,           0.0095743,           0.0095743
                  45,            0.034761,            0.013731,            0.047733,             0.31965,             0.38855,             0.32283,             0.21155,            0.046214,           0.0056841,             0.04798,           0.0095644,           0.0095644,           0.0095644
                  46,            0.036174,            0.013104,            0.045486,             0.36258,             0.41694,             0.29042,             0.16875,            0.052574,           0.0057106,            0.049144,           0.0095545,           0.0095545,           0.0095545
                  47,            0.035098,            0.016371,            0.044164,             0.41897,             0.39792,             0.33864,             0.21217,            0.048883,           0.0054994,            0.050981,           0.0095446,           0.0095446,           0.0095446
                  48,            0.032668,            0.012501,            0.043633,             0.41827,             0.41153,             0.36697,             0.24759,            0.046239,           0.0052814,            0.052284,           0.0095347,           0.0095347,           0.0095347
                  49,            0.034305,             0.01362,            0.042076,             0.37607,                 0.4,             0.40959,             0.27448,            0.048457,           0.0049744,            0.051707,           0.0095248,           0.0095248,           0.0095248
                  50,            0.033766,            0.013691,              0.0412,             0.18333,             0.54927,             0.25749,             0.15433,            0.053594,           0.0051692,             0.05144,           0.0095149,           0.0095149,           0.0095149
                  51,            0.034264,            0.012563,             0.03929,             0.32071,             0.38671,             0.33847,             0.21964,            0.045679,           0.0054524,            0.051173,            0.009505,            0.009505,            0.009505
                  52,             0.03279,            0.013289,            0.039671,             0.36792,             0.43634,             0.34843,             0.18116,            0.050668,            0.005456,            0.049646,           0.0094951,           0.0094951,           0.0094951
                  53,             0.03335,             0.01252,            0.040641,             0.38354,             0.45497,             0.38275,             0.25541,            0.043015,           0.0052097,            0.051163,           0.0094852,           0.0094852,           0.0094852
                  54,            0.034253,            0.014491,             0.03921,             0.34892,             0.53993,             0.43369,             0.29952,            0.042293,           0.0049312,            0.050725,           0.0094753,           0.0094753,           0.0094753
                  55,            0.032935,            0.013626,            0.038842,             0.42415,             0.42105,             0.40286,             0.26726,            0.041672,           0.0049374,             0.04735,           0.0094654,           0.0094654,           0.0094654
                  56,            0.031979,            0.013435,            0.037215,             0.33921,             0.39365,              0.3975,             0.26309,            0.041758,           0.0049884,            0.046249,           0.0094555,           0.0094555,           0.0094555
                  57,            0.031831,            0.012898,             0.03404,              0.2774,             0.46972,              0.3615,             0.21498,            0.043633,           0.0049236,             0.04799,           0.0094456,           0.0094456,           0.0094456
                  58,            0.031522,            0.012239,            0.038927,             0.33931,             0.38554,             0.36458,             0.22075,            0.040058,           0.0051353,             0.05128,           0.0094357,           0.0094357,           0.0094357
                  59,            0.031708,            0.013507,            0.035664,             0.34891,             0.40151,             0.36752,             0.23209,            0.041357,           0.0053132,             0.05033,           0.0094258,           0.0094258,           0.0094258
                  60,            0.030133,            0.012548,            0.040263,             0.32183,             0.41113,             0.35905,             0.24379,            0.040867,           0.0053487,            0.046324,           0.0094159,           0.0094159,           0.0094159
                  61,            0.031777,            0.014201,            0.034701,             0.30413,             0.43799,             0.35955,             0.21265,            0.040377,           0.0053504,            0.048439,            0.009406,            0.009406,            0.009406
                  62,            0.032705,             0.01272,            0.031301,             0.37602,             0.41631,             0.42109,             0.25379,            0.042059,           0.0054345,            0.048311,           0.0093961,           0.0093961,           0.0093961
                  63,            0.031838,            0.013618,            0.031634,             0.35268,             0.43611,             0.38068,             0.22661,            0.044999,           0.0051677,            0.042361,           0.0093862,           0.0093862,           0.0093862
                  64,            0.031657,            0.014021,            0.033755,             0.33003,             0.48671,              0.3927,               0.232,            0.039056,            0.005481,            0.052541,           0.0093763,           0.0093763,           0.0093763
                  65,            0.030066,            0.011493,            0.029347,             0.44188,             0.46647,             0.39637,             0.27989,            0.036761,           0.0054274,            0.053117,           0.0093664,           0.0093664,           0.0093664
                  66,             0.03187,            0.012573,            0.028858,             0.44506,             0.39198,             0.35451,             0.26626,             0.03911,           0.0052776,             0.05457,           0.0093565,           0.0093565,           0.0093565
                  67,            0.030946,            0.011688,            0.032301,             0.46588,             0.38912,             0.41832,             0.24627,            0.039695,           0.0054433,             0.04893,           0.0093466,           0.0093466,           0.0093466
                  68,            0.032759,            0.013285,            0.028766,             0.37413,             0.37597,             0.39971,             0.24493,             0.04304,           0.0055048,            0.046474,           0.0093367,           0.0093367,           0.0093367
                  69,            0.031357,            0.012689,            0.030712,             0.30848,             0.46964,             0.39576,             0.24466,              0.0462,           0.0054507,            0.045758,           0.0093268,           0.0093268,           0.0093268
                  70,            0.033511,            0.013804,            0.028514,             0.42614,             0.40615,             0.43225,             0.29476,            0.046706,           0.0056736,            0.054741,           0.0093169,           0.0093169,           0.0093169
                  71,            0.031403,            0.011421,            0.028007,             0.45639,             0.43651,             0.42866,             0.27906,            0.046954,           0.0056522,            0.055457,            0.009307,            0.009307,            0.009307
                  72,            0.033145,            0.012331,            0.027717,             0.42282,             0.43758,             0.42913,               0.267,            0.045888,            0.005595,            0.051707,           0.0092971,           0.0092971,           0.0092971
                  73,             0.03049,            0.012731,            0.027369,              0.4017,             0.43516,             0.42931,             0.28031,            0.048309,           0.0056632,            0.053566,           0.0092872,           0.0092872,           0.0092872
                  74,            0.031454,             0.01321,            0.027191,             0.50489,             0.39221,             0.44062,             0.27669,             0.04914,           0.0055816,            0.053203,           0.0092773,           0.0092773,           0.0092773
                  75,            0.032241,            0.012648,            0.023907,             0.51537,             0.48512,             0.51777,             0.30798,            0.046467,           0.0054266,            0.041144,           0.0092674,           0.0092674,           0.0092674
                  76,            0.030491,            0.012786,            0.025573,             0.35289,              0.4984,             0.39292,             0.27973,            0.043863,           0.0052867,            0.050468,           0.0092575,           0.0092575,           0.0092575
                  77,             0.03019,            0.013537,            0.024655,             0.57367,             0.37654,             0.46741,             0.37405,            0.040576,           0.0050194,            0.055713,           0.0092476,           0.0092476,           0.0092476
                  78,            0.029536,            0.012476,            0.031787,             0.27092,             0.38341,             0.34719,             0.23465,            0.046714,           0.0052419,            0.059259,           0.0092377,           0.0092377,           0.0092377
                  79,             0.02945,            0.014173,            0.022753,             0.48044,             0.33702,             0.41451,             0.28917,            0.047408,           0.0053673,            0.057721,           0.0092278,           0.0092278,           0.0092278
                  80,            0.029817,            0.012083,            0.028073,             0.39348,             0.46625,             0.42782,             0.29493,            0.046356,           0.0051668,            0.046249,           0.0092179,           0.0092179,           0.0092179
                  81,             0.02802,            0.012192,             0.02326,             0.37052,             0.46614,              0.4224,             0.23148,            0.049979,           0.0053649,            0.054132,            0.009208,            0.009208,            0.009208
                  82,            0.030291,            0.014444,            0.023007,             0.46925,             0.41827,             0.43285,             0.30671,            0.040543,            0.005868,            0.053555,           0.0091981,           0.0091981,           0.0091981
                  83,            0.028054,            0.012754,            0.023699,              0.4651,             0.34321,             0.40768,             0.29016,            0.040498,           0.0057001,            0.051312,           0.0091882,           0.0091882,           0.0091882
                  84,            0.028693,            0.011419,            0.021668,              0.4521,             0.41204,             0.40807,             0.28296,            0.041181,            0.005805,            0.051302,           0.0091783,           0.0091783,           0.0091783
                  85,            0.029308,            0.012627,             0.02117,             0.36128,             0.43397,             0.39179,             0.28019,            0.042282,            0.005784,            0.051131,           0.0091684,           0.0091684,           0.0091684
                  86,            0.029323,            0.011048,            0.022585,             0.37456,             0.49713,             0.43378,             0.31104,            0.040295,            0.005594,            0.050746,           0.0091585,           0.0091585,           0.0091585
                  87,            0.029847,            0.012739,            0.018862,             0.64332,             0.39896,              0.4759,             0.32423,            0.042225,           0.0053749,            0.050298,           0.0091486,           0.0091486,           0.0091486
                  88,            0.030065,             0.01308,            0.023153,              0.4894,             0.44813,             0.44135,              0.3248,            0.037564,           0.0054839,            0.052647,           0.0091387,           0.0091387,           0.0091387
                  89,            0.028082,            0.011445,             0.02455,             0.44534,              0.3489,             0.39948,             0.24818,             0.04545,           0.0055213,            0.058319,           0.0091288,           0.0091288,           0.0091288
                  90,            0.029389,            0.011492,            0.020511,             0.30556,             0.38801,             0.38195,             0.26333,            0.044127,           0.0054493,            0.057967,           0.0091189,           0.0091189,           0.0091189
                  91,            0.029131,            0.012035,             0.02439,             0.39199,             0.38244,             0.39914,             0.27166,            0.041984,           0.0054061,            0.059131,            0.009109,            0.009109,            0.009109
                  92,             0.02918,            0.012214,            0.022456,             0.52478,             0.38168,             0.46326,             0.33557,            0.042576,           0.0056036,            0.061427,           0.0090991,           0.0090991,           0.0090991
                  93,            0.028638,            0.012464,            0.021027,             0.61038,             0.35455,             0.44628,             0.32334,            0.041163,           0.0055101,            0.058202,           0.0090892,           0.0090892,           0.0090892
                  94,             0.02875,            0.012075,            0.019984,             0.40835,              0.4812,             0.46814,             0.33975,            0.041066,           0.0055892,            0.060103,           0.0090793,           0.0090793,           0.0090793
                  95,            0.029077,            0.012922,            0.020289,             0.47262,             0.44788,             0.45294,             0.29837,            0.045397,           0.0058014,             0.05723,           0.0090694,           0.0090694,           0.0090694
                  96,            0.029665,            0.011538,            0.019753,             0.52762,             0.37769,             0.40271,             0.28643,            0.043128,           0.0058503,            0.056557,           0.0090595,           0.0090595,           0.0090595
                  97,            0.029458,            0.011762,            0.020737,             0.33718,             0.44751,             0.37936,             0.25746,            0.041353,           0.0055373,            0.059152,           0.0090496,           0.0090496,           0.0090496
                  98,            0.027207,            0.012175,            0.017629,             0.34351,             0.42693,             0.38968,             0.26478,            0.046709,           0.0059519,            0.059644,           0.0090397,           0.0090397,           0.0090397
                  99,            0.029571,            0.012583,            0.019241,             0.39887,             0.43898,             0.41424,             0.30636,            0.041637,           0.0055454,            0.059131,           0.0090298,           0.0090298,           0.0090298
                 100,            0.031658,            0.011308,            0.017761,             0.42322,             0.49541,             0.46903,              0.3487,            0.040599,           0.0054998,            0.059216,           0.0090199,           0.0090199,           0.0090199
                 101,            0.028857,            0.011858,            0.016572,             0.46234,             0.44279,             0.45852,             0.35177,            0.039557,           0.0054889,            0.056557,             0.00901,             0.00901,             0.00901
                 102,            0.028752,            0.011211,             0.02287,             0.46251,             0.56437,             0.50224,             0.39066,            0.038051,           0.0053999,            0.050511,           0.0090001,           0.0090001,           0.0090001
                 103,             0.02957,            0.011392,            0.025615,              0.5277,             0.46746,             0.51073,             0.38926,            0.037108,           0.0052464,            0.052754,           0.0089902,           0.0089902,           0.0089902
                 104,            0.027969,            0.010739,            0.022005,             0.50629,             0.50083,              0.5228,              0.3853,            0.039086,           0.0054953,            0.051173,           0.0089803,           0.0089803,           0.0089803
                 105,            0.029203,            0.012278,            0.019459,             0.38961,             0.38611,             0.42178,             0.31222,            0.038807,           0.0058908,            0.052263,           0.0089704,           0.0089704,           0.0089704
                 106,             0.02864,            0.012046,            0.022875,             0.31166,             0.35894,             0.35798,             0.26246,            0.040493,           0.0059521,            0.060306,           0.0089605,           0.0089605,           0.0089605
                 107,            0.026896,            0.013006,            0.020558,             0.28051,             0.34308,              0.3375,             0.24393,            0.040593,           0.0069151,            0.062613,           0.0089506,           0.0089506,           0.0089506
                 108,            0.027784,            0.012969,            0.018643,             0.38762,             0.42924,             0.40561,             0.28907,            0.043467,           0.0076804,             0.05457,           0.0089407,           0.0089407,           0.0089407
                 109,            0.028315,              0.0107,            0.017037,             0.31376,             0.34087,             0.29976,             0.20466,            0.047388,           0.0093498,            0.062421,           0.0089308,           0.0089308,           0.0089308
                 110,            0.027178,            0.012504,            0.020058,             0.39933,             0.33736,             0.29614,             0.18601,            0.047331,           0.0089438,            0.062303,           0.0089209,           0.0089209,           0.0089209
                 111,            0.026796,             0.01101,            0.017748,              0.5012,             0.39864,              0.4209,             0.29706,            0.041736,           0.0072207,            0.059451,            0.008911,            0.008911,            0.008911
                 112,            0.027986,            0.010767,            0.015472,             0.45046,             0.47798,              0.4233,             0.32099,             0.04393,           0.0077999,            0.059953,           0.0089011,           0.0089011,           0.0089011
                 113,            0.028084,            0.011445,            0.015229,             0.44531,             0.44769,             0.40875,             0.30206,            0.041805,           0.0068059,            0.062015,           0.0088912,           0.0088912,           0.0088912
                 114,            0.028464,            0.012834,            0.019736,             0.52704,             0.50425,             0.47626,             0.35015,            0.041901,           0.0060523,            0.062314,           0.0088813,           0.0088813,           0.0088813
                 115,            0.029124,            0.012196,             0.02124,             0.57908,             0.41204,             0.46987,             0.34542,            0.042245,           0.0060749,            0.058202,           0.0088714,           0.0088714,           0.0088714
                 116,            0.026606,            0.011455,            0.016614,             0.50943,             0.48856,             0.45566,             0.34081,            0.042738,           0.0057464,            0.057219,           0.0088615,           0.0088615,           0.0088615
                 117,            0.027004,            0.012911,            0.018457,             0.63542,             0.54397,             0.55647,             0.41883,             0.03836,           0.0057616,            0.047018,           0.0088516,           0.0088516,           0.0088516
                 118,            0.028151,            0.011864,            0.016915,             0.56071,             0.47054,             0.55907,             0.43238,            0.040025,           0.0054848,            0.051003,           0.0088417,           0.0088417,           0.0088417
                 119,            0.027516,            0.012297,            0.015939,             0.55511,             0.50846,             0.53016,             0.40825,            0.041205,           0.0052755,            0.050928,           0.0088318,           0.0088318,           0.0088318
                 120,            0.028826,            0.012914,            0.018235,             0.44765,             0.46429,              0.4452,             0.34066,            0.035677,           0.0052221,            0.056664,           0.0088219,           0.0088219,           0.0088219
                 121,            0.025848,            0.010922,            0.022845,             0.52261,             0.46352,             0.50345,             0.38664,            0.035573,           0.0053093,            0.054036,            0.008812,            0.008812,            0.008812
                 122,            0.026325,            0.011419,            0.017323,             0.44274,             0.48234,             0.46309,             0.34123,            0.037033,           0.0056221,            0.051131,           0.0088021,           0.0088021,           0.0088021
                 123,            0.026871,            0.010683,            0.016609,             0.46791,             0.40357,             0.40312,             0.30248,             0.03809,           0.0057313,            0.061107,           0.0087922,           0.0087922,           0.0087922
                 124,            0.028042,            0.011848,            0.013902,              0.5239,             0.36176,             0.44709,             0.33497,            0.041045,           0.0057547,            0.065005,           0.0087823,           0.0087823,           0.0087823
                 125,            0.023683,            0.010576,            0.014783,             0.59213,             0.34106,             0.46536,              0.3426,             0.04096,           0.0056908,            0.070634,           0.0087724,           0.0087724,           0.0087724
                 126,            0.027775,            0.012089,            0.022657,             0.65314,             0.46093,             0.54082,             0.41366,            0.041715,           0.0054779,            0.056621,           0.0087625,           0.0087625,           0.0087625
                 127,            0.028458,            0.010515,            0.020355,             0.60289,             0.49655,             0.56863,             0.43053,            0.040142,           0.0057402,            0.054175,           0.0087526,           0.0087526,           0.0087526
                 128,            0.028025,            0.012088,            0.018934,             0.52192,             0.47313,             0.50666,             0.38816,            0.039912,           0.0060713,            0.056888,           0.0087427,           0.0087427,           0.0087427
                 129,            0.026601,            0.011727,            0.016364,             0.42246,             0.44053,             0.42305,             0.31044,            0.040035,           0.0058627,            0.063147,           0.0087328,           0.0087328,           0.0087328
                 130,            0.028816,            0.012021,            0.016439,             0.37855,             0.49771,             0.44536,             0.29594,            0.040495,            0.006242,            0.061075,           0.0087229,           0.0087229,           0.0087229
                 131,            0.028417,            0.012034,            0.015186,             0.57109,              0.4129,             0.47395,             0.32877,            0.043023,           0.0061352,            0.056375,            0.008713,            0.008713,            0.008713
                 132,             0.02762,            0.012355,            0.020512,             0.44525,             0.49702,               0.473,             0.34937,            0.038636,           0.0059779,            0.072098,           0.0087031,           0.0087031,           0.0087031
                 133,            0.026433,            0.011476,            0.016191,             0.40723,             0.37576,             0.37887,             0.28082,            0.038176,           0.0059226,            0.077097,           0.0086932,           0.0086932,           0.0086932
                 134,            0.024624,            0.011663,            0.015399,             0.33727,             0.42582,             0.39963,             0.29796,            0.033631,           0.0057306,            0.065369,           0.0086833,           0.0086833,           0.0086833
                 135,            0.026304,            0.011789,            0.013467,             0.39947,             0.54782,              0.4605,              0.3519,            0.037587,           0.0057497,            0.058543,           0.0086734,           0.0086734,           0.0086734
                 136,            0.027183,            0.011411,            0.017215,             0.42173,             0.46419,             0.43727,             0.32913,            0.040136,           0.0062366,            0.064589,           0.0086635,           0.0086635,           0.0086635
                 137,            0.025671,            0.010699,            0.014888,             0.45155,             0.39143,              0.3834,             0.28807,            0.040852,            0.006238,            0.062762,           0.0086536,           0.0086536,           0.0086536
                 138,            0.027682,            0.012571,            0.016221,             0.36908,             0.42768,              0.4119,             0.31825,            0.037237,           0.0057399,            0.053459,           0.0086437,           0.0086437,           0.0086437
                 139,            0.033236,            0.010363,             0.01394,             0.53575,             0.39795,             0.46214,             0.35032,            0.035545,           0.0056863,            0.047552,           0.0086338,           0.0086338,           0.0086338
                 140,             0.02588,            0.011404,            0.015819,             0.44794,             0.49625,             0.49402,             0.37506,            0.038435,           0.0055161,            0.049892,           0.0086239,           0.0086239,           0.0086239
                 141,            0.026121,            0.011314,            0.017536,             0.36829,             0.49284,             0.45307,             0.34905,            0.036141,           0.0057719,            0.063542,            0.008614,            0.008614,            0.008614
                 142,            0.025238,            0.011849,            0.013989,              0.5363,             0.44481,             0.49134,             0.38794,            0.037332,           0.0057633,            0.060883,           0.0086041,           0.0086041,           0.0086041
                 143,            0.027977,            0.012289,            0.013527,             0.36115,             0.47579,             0.42811,             0.32164,            0.036347,           0.0061846,            0.063019,           0.0085942,           0.0085942,           0.0085942
                 144,            0.029139,            0.010479,            0.014032,             0.38966,              0.4953,             0.43726,             0.32875,            0.035674,           0.0058713,            0.053246,           0.0085843,           0.0085843,           0.0085843
                 145,            0.025598,            0.011023,            0.016512,             0.42301,             0.41104,             0.41633,              0.3075,             0.03699,           0.0059576,            0.061555,           0.0085744,           0.0085744,           0.0085744
                 146,            0.025771,            0.010813,            0.017621,             0.33302,             0.37871,             0.32632,             0.24121,            0.039315,           0.0057611,            0.062325,           0.0085645,           0.0085645,           0.0085645
                 147,            0.025283,            0.012016,            0.012787,             0.38991,             0.41071,              0.3638,             0.28204,            0.035932,            0.005682,            0.053342,           0.0085546,           0.0085546,           0.0085546
                 148,            0.024531,             0.01103,            0.016485,             0.46742,              0.3765,             0.42502,             0.31921,             0.03668,           0.0058093,            0.043622,           0.0085447,           0.0085447,           0.0085447
                 149,            0.024571,            0.012446,            0.019006,             0.64216,             0.30476,             0.35799,              0.2676,            0.042768,           0.0055277,            0.057609,           0.0085348,           0.0085348,           0.0085348
                 150,            0.024218,            0.011394,            0.014731,             0.55206,             0.37114,             0.38907,             0.26617,            0.042009,           0.0058033,            0.055782,           0.0085249,           0.0085249,           0.0085249
                 151,            0.029095,            0.012578,             0.02047,             0.41921,             0.36249,             0.40035,             0.27308,            0.037639,           0.0054822,            0.050757,            0.008515,            0.008515,            0.008515
                 152,            0.027661,            0.011028,            0.021324,             0.43937,             0.37374,             0.39657,             0.29528,            0.036535,           0.0055561,            0.051077,           0.0085051,           0.0085051,           0.0085051
                 153,               0.025,            0.011984,            0.014398,             0.39225,             0.33571,             0.36235,             0.24348,            0.035964,           0.0058599,             0.05716,           0.0084952,           0.0084952,           0.0084952
                 154,            0.025792,            0.012952,            0.019887,             0.29932,             0.38393,             0.35266,             0.26334,            0.034094,           0.0064378,            0.057571,           0.0084853,           0.0084853,           0.0084853
                 155,            0.026243,            0.011639,            0.018604,             0.50536,             0.28988,             0.35935,              0.2632,            0.034681,            0.007185,            0.058031,           0.0084754,           0.0084754,           0.0084754
                 156,            0.025799,            0.011705,            0.015525,             0.46942,             0.37886,             0.44692,             0.31406,            0.034562,           0.0073524,             0.05065,           0.0084655,           0.0084655,           0.0084655
                 157,            0.024964,            0.011315,            0.011621,             0.46996,             0.50893,             0.49094,             0.33591,            0.036348,           0.0063243,            0.054036,           0.0084556,           0.0084556,           0.0084556
                 158,            0.025414,            0.010846,            0.012159,             0.48668,             0.42354,             0.44808,             0.32211,             0.03668,           0.0063348,            0.061652,           0.0084457,           0.0084457,           0.0084457
                 159,            0.025873,            0.010982,            0.013634,                0.45,             0.40815,             0.43653,             0.33333,            0.038501,           0.0063303,            0.057603,           0.0084358,           0.0084358,           0.0084358
                 160,            0.025313,            0.010859,            0.014607,             0.43843,             0.54806,             0.54595,             0.43292,            0.037359,            0.005789,            0.051099,           0.0084259,           0.0084259,           0.0084259
                 161,            0.024776,            0.010601,            0.017165,             0.46712,              0.5519,             0.52237,             0.39961,            0.040616,           0.0058465,            0.050768,            0.008416,            0.008416,            0.008416
                 162,            0.025179,             0.01134,            0.011504,             0.47038,             0.57857,             0.53086,             0.41175,                0.04,           0.0057359,            0.055147,           0.0084061,           0.0084061,           0.0084061
                 163,            0.024726,            0.011105,            0.011159,             0.56596,              0.5629,              0.5412,             0.39558,            0.040166,           0.0056014,             0.05002,           0.0083962,           0.0083962,           0.0083962
                 164,            0.025037,            0.010847,            0.013815,             0.56813,             0.55242,              0.5208,             0.41219,            0.038086,           0.0054622,            0.049796,           0.0083863,           0.0083863,           0.0083863
                 165,            0.024581,            0.011619,            0.010847,             0.66234,             0.40086,             0.47719,             0.36763,            0.035345,           0.0055866,             0.05676,           0.0083764,           0.0083764,           0.0083764
                 166,            0.026476,            0.010947,            0.016783,             0.54942,             0.41943,             0.45869,             0.31962,            0.038163,           0.0057063,            0.061182,           0.0083665,           0.0083665,           0.0083665
                 167,            0.025521,            0.011588,            0.015416,             0.49802,              0.3901,             0.43361,             0.33563,            0.037227,            0.005589,            0.070132,           0.0083566,           0.0083566,           0.0083566
                 168,            0.023905,            0.010596,            0.021237,             0.42701,             0.39006,              0.4067,             0.31924,            0.037794,           0.0054488,            0.067088,           0.0083467,           0.0083467,           0.0083467
                 169,            0.024757,             0.01221,            0.015255,             0.43368,             0.44756,             0.40565,             0.31739,            0.036798,           0.0056415,            0.065924,           0.0083368,           0.0083368,           0.0083368
                 170,            0.025343,            0.011953,            0.013205,              0.4751,              0.4252,             0.43669,              0.3385,            0.037273,            0.005898,            0.066811,           0.0083269,           0.0083269,           0.0083269
                 171,             0.02592,            0.011763,            0.017447,             0.37503,              0.4344,             0.41298,              0.3061,            0.039425,           0.0058322,            0.061331,            0.008317,            0.008317,            0.008317
                 172,            0.025434,            0.010557,            0.013309,             0.44149,              0.4357,             0.42425,             0.31764,            0.037119,           0.0061502,            0.057443,           0.0083071,           0.0083071,           0.0083071
                 173,            0.023299,            0.011797,            0.017325,             0.41867,              0.4498,             0.47624,             0.37056,            0.034435,           0.0058703,            0.065016,           0.0082972,           0.0082972,           0.0082972
                 174,            0.023647,            0.010444,            0.015248,             0.57783,             0.45517,              0.4999,             0.39693,            0.034965,           0.0055816,            0.053897,           0.0082873,           0.0082873,           0.0082873
                 175,            0.028795,            0.010582,            0.024158,             0.52943,             0.47935,              0.4908,             0.38162,             0.03188,           0.0059495,             0.04642,           0.0082774,           0.0082774,           0.0082774
                 176,            0.023541,            0.010319,            0.012211,             0.60319,             0.39173,             0.50114,             0.39861,            0.035692,           0.0059972,            0.061491,           0.0082675,           0.0082675,           0.0082675
                 177,            0.024537,            0.010729,            0.014291,             0.50871,             0.41947,             0.50367,             0.38239,            0.036673,           0.0055988,            0.063531,           0.0082576,           0.0082576,           0.0082576
                 178,            0.025894,            0.010578,             0.01947,             0.42591,             0.35248,             0.46246,             0.35309,            0.033982,            0.005784,            0.049699,           0.0082477,           0.0082477,           0.0082477
                 179,            0.024974,            0.011809,            0.012917,             0.45477,             0.38065,              0.5039,             0.38118,            0.031782,           0.0055614,            0.046703,           0.0082378,           0.0082378,           0.0082378
                 180,            0.024176,             0.01029,            0.014814,             0.41919,              0.4824,             0.50622,               0.396,            0.031449,           0.0053234,            0.044588,           0.0082279,           0.0082279,           0.0082279
                 181,            0.023861,            0.010358,            0.011657,             0.52532,             0.44521,             0.49184,             0.37365,            0.034992,           0.0056603,             0.05237,            0.008218,            0.008218,            0.008218
                 182,            0.022568,            0.010642,            0.016239,             0.57989,             0.35582,              0.4483,             0.34385,            0.035722,           0.0061762,            0.053705,           0.0082081,           0.0082081,           0.0082081
                 183,            0.026319,            0.011984,            0.014741,             0.32748,             0.52527,             0.42141,             0.32964,            0.032555,           0.0061026,            0.053416,           0.0081982,           0.0081982,           0.0081982
                 184,            0.026221,            0.011197,            0.012437,              0.3487,             0.54585,             0.44592,             0.35325,            0.033293,           0.0057921,            0.052829,           0.0081883,           0.0081883,           0.0081883
                 185,            0.024407,            0.011533,            0.015458,              0.4656,             0.37172,             0.40928,             0.31723,            0.031196,           0.0057416,            0.051868,           0.0081784,           0.0081784,           0.0081784
                 186,            0.023394,             0.01131,            0.012491,             0.37681,              0.4436,             0.38116,             0.28071,            0.033982,           0.0058732,            0.053523,           0.0081685,           0.0081685,           0.0081685
                 187,            0.024442,            0.011361,            0.013395,             0.59764,              0.3063,             0.41934,             0.32879,            0.032636,           0.0056612,            0.055232,           0.0081586,           0.0081586,           0.0081586
                 188,            0.025156,             0.01192,            0.016465,              0.5288,             0.37527,             0.39878,             0.31928,             0.03288,           0.0055821,            0.055916,           0.0081487,           0.0081487,           0.0081487
                 189,            0.024453,            0.010913,            0.010946,             0.45264,             0.47642,             0.47217,             0.38506,            0.031635,           0.0051441,            0.048941,           0.0081388,           0.0081388,           0.0081388
                 190,            0.022868,           0.0095938,             0.01088,             0.64527,             0.38533,             0.47832,             0.38274,            0.035133,           0.0053606,            0.046762,           0.0081289,           0.0081289,           0.0081289
                 191,            0.025069,            0.011552,            0.014668,             0.62208,             0.42999,             0.50534,             0.42086,            0.036943,           0.0051146,            0.053865,            0.008119,            0.008119,            0.008119
                 192,            0.024958,            0.012804,            0.018166,              0.7088,             0.37898,             0.50744,             0.40639,            0.035844,           0.0052469,            0.058063,           0.0081091,           0.0081091,           0.0081091
                 193,            0.025938,            0.011242,           0.0089693,             0.59842,             0.41845,             0.50777,             0.40958,            0.036808,           0.0052474,            0.061235,           0.0080992,           0.0080992,           0.0080992
                 194,             0.02445,            0.011478,           0.0097063,             0.59217,             0.41008,             0.48574,             0.38247,            0.037685,           0.0055172,            0.064183,           0.0080893,           0.0080893,           0.0080893
                 195,            0.026122,           0.0095897,            0.017825,             0.58038,             0.41311,             0.49383,              0.3846,             0.03981,           0.0053968,            0.063168,           0.0080794,           0.0080794,           0.0080794
                 196,            0.023016,            0.010692,            0.014007,             0.58629,             0.38184,             0.49548,             0.38125,            0.039564,           0.0057328,            0.058138,           0.0080695,           0.0080695,           0.0080695
                 197,            0.025623,            0.011309,            0.011935,             0.50403,             0.51409,             0.52992,             0.41736,            0.039658,           0.0057323,            0.054623,           0.0080596,           0.0080596,           0.0080596
                 198,            0.024658,            0.011205,           0.0098701,             0.40836,             0.47092,             0.46427,             0.35252,            0.041356,           0.0058367,            0.053961,           0.0080497,           0.0080497,           0.0080497
                 199,            0.024627,            0.011005,           0.0096847,             0.56874,             0.43896,             0.49719,             0.37437,             0.03684,           0.0055506,            0.045042,           0.0080398,           0.0080398,           0.0080398
                 200,            0.025145,            0.010733,            0.013304,             0.39183,             0.46567,             0.45225,             0.32719,            0.037487,           0.0055137,            0.047136,           0.0080299,           0.0080299,           0.0080299
                 201,            0.023913,           0.0098219,           0.0078992,             0.47569,             0.43451,             0.46628,              0.3475,            0.038266,           0.0056343,            0.047782,             0.00802,             0.00802,             0.00802
                 202,             0.02064,            0.010525,            0.012236,             0.59038,             0.38814,             0.47111,             0.36563,            0.035007,           0.0053596,            0.044199,           0.0080101,           0.0080101,           0.0080101
                 203,            0.023781,             0.01021,            0.013138,             0.53546,             0.38504,             0.48612,             0.35018,            0.035924,            0.005523,            0.045016,           0.0080002,           0.0080002,           0.0080002
                 204,            0.023353,            0.011179,           0.0090645,             0.39246,             0.33047,             0.33641,             0.22529,             0.03719,           0.0058687,            0.059104,           0.0079903,           0.0079903,           0.0079903
                 205,            0.026208,            0.012248,            0.011135,              0.5337,             0.31312,             0.33259,             0.21959,            0.033746,           0.0064952,             0.05668,           0.0079804,           0.0079804,           0.0079804
                 206,             0.02283,            0.010782,            0.013697,             0.39424,             0.32261,             0.32935,             0.23235,            0.033132,           0.0061285,            0.056519,           0.0079705,           0.0079705,           0.0079705
                 207,            0.022936,            0.011463,           0.0085226,             0.33851,             0.36821,             0.36678,              0.2652,            0.037479,            0.005862,            0.052231,           0.0079606,           0.0079606,           0.0079606
                 208,            0.023279,            0.010245,            0.015894,             0.39386,             0.32839,             0.34614,             0.26493,            0.038156,           0.0056815,            0.056087,           0.0079507,           0.0079507,           0.0079507
                 209,            0.022537,             0.01053,            0.011892,             0.44586,             0.36383,             0.34882,             0.25311,            0.040894,           0.0056734,            0.059361,           0.0079408,           0.0079408,           0.0079408
                 210,            0.025308,            0.012074,            0.012336,             0.37023,             0.33869,             0.32888,             0.23491,            0.040676,           0.0053194,             0.06915,           0.0079309,           0.0079309,           0.0079309
                 211,            0.024522,            0.010716,            0.012495,             0.30987,             0.30992,             0.30073,             0.18362,            0.048548,           0.0054607,            0.075494,            0.007921,            0.007921,            0.007921
                 212,            0.024799,            0.010616,            0.012581,             0.30351,             0.41561,             0.30779,             0.23786,            0.041131,           0.0052936,             0.07197,           0.0079111,           0.0079111,           0.0079111
                 213,             0.02384,            0.011308,           0.0096213,             0.40093,             0.41068,             0.36049,             0.27262,            0.041223,           0.0051033,            0.066383,           0.0079012,           0.0079012,           0.0079012
                 214,            0.025777,            0.011571,            0.017635,               0.386,             0.40109,             0.37978,             0.29892,            0.040276,           0.0050879,            0.060327,           0.0078913,           0.0078913,           0.0078913
                 215,            0.027013,            0.011592,            0.018419,             0.40711,               0.408,             0.36956,             0.29228,            0.040292,           0.0054262,            0.062666,           0.0078814,           0.0078814,           0.0078814
                 216,            0.023996,              0.0109,            0.012009,             0.41569,             0.34742,             0.32739,              0.2633,            0.041016,            0.005481,            0.060525,           0.0078715,           0.0078715,           0.0078715
                 217,             0.02403,           0.0091678,            0.011695,             0.45392,             0.47962,             0.45467,             0.36855,            0.032895,           0.0053248,            0.059088,           0.0078616,           0.0078616,           0.0078616
                 218,            0.025296,            0.011636,            0.014818,             0.48221,             0.48321,             0.50466,              0.3876,            0.032785,           0.0055518,            0.063435,           0.0078517,           0.0078517,           0.0078517
